{"cameraMode":{"drawMode":0,"name":"Shaded","section":"Shading Mode"},"sceneLighting":true,"audioPlay":false,"sceneViewState":{"showFog":true,"showMaterialUpdate":false,"showSkybox":true,"showFlares":true,"showImageEffects":true,"showParticleSystems":true},"in2DMode":false,"pivot":{"x":3.030961275100708,"y":-1.0773751735687256,"z":-0.08926505595445633},"rotation":{"x":-0.23037740588188172,"y":0.33278560638427737,"z":-0.08419834077358246,"w":-0.9105466604232788},"size":10.0,"orthographic":false}